{"autoplayTransitionDelay":5,"author":"","timestamp":"2021-32-30 14:5:3","loopSlideshow":0,"filename":"HelloDeepLearning","autoplayBuildDelay":2,"comment":"","title":"HelloDeepLearning","showMode":0,"creator":"Apple Keynote 11.0.1","slideList":["C5C18FE4-5FF1-41E0-83D2-168AC1826937","B17C4A17-C76A-4EAD-A504-DBD2B41B0696","CE7E9234-1079-4014-97AD-C278DABD2C0B","74155E8B-B812-41B1-BD23-906C7F2FF231","60C86566-0082-454B-9062-B386CDEEF443","7467ED2C-018F-465B-A282-0F19DFC0111D","F80AA005-BC21-4E7E-9529-B9125B8459F2","139F67E3-6E38-4D09-9403-A7382CD74CC3","5734C27F-7EB5-4801-B5B3-C6297AC3E958","88CF8364-926C-411F-882B-64FDE3EECABE","8A080FA0-762B-404A-8CA7-626B3321B845","85528F13-165D-443A-9514-9BA52DAF2BE8","0F80CDC1-FB62-4CAE-A6C9-C368CB430FD9","BDA93AEA-5374-433B-A264-78FD044E3EE8","1F6308B0-6DFC-4C17-88C1-7A243AE819E4"],"soundtrack":{"mode":0,"volume":1},"slideWidth":1920,"slideHeight":1080,"slideCount":15,"majorVersion":1,"minorVersion":2,"fonts":["Graphik-Regular","Graphik-Semibold","Graphik-RegularItalic","Graphik-Medium","HelveticaNeue","Menlo-Regular","Helvetica"]}