{"assets":{"D87FF68DD48A9A0565B7E43666902786":{"type":"texture","index":1,"assetRequest":{"type":"slide","state":"contents","slide":"none"},"url":{"native":"assets\/B17C4A17-C76A-4EAD-A504-DBD2B41B0696.pdf"},"width":1920,"height":1080},"98935D8AB4F826D7C81F96A02E663CE1":{"type":"texture","index":2,"assetRequest":{"type":"slide","state":"contents","slide":"none"},"url":{"native":"assets\/B17C4A17-C76A-4EAD-A504-DBD2B41B0696.pdf"},"width":1920,"height":810},"0805B188E61E5205AD77457FF3E4BF83":{"type":"texture","index":0,"assetRequest":{"type":"slide","state":"contents","slide":"none"},"url":{"native":"assets\/B17C4A17-C76A-4EAD-A504-DBD2B41B0696.pdf"},"width":1920,"height":1080}},"events":[{"effects":[{"beginTime":0,"baseLayer":{"animations":[],"initialState":{"affineTransform":[1,0,0,1,0,0],"masksToBounds":false,"rotation":0,"scale":1,"position":{"pointX":960,"pointY":540},"width":1920,"sublayerTransform":[1,0,0,0,0,1,0,0,0,0,1,0,0,0,0,1],"contentsRect":{"y":0,"x":0,"width":1,"height":1},"opacity":1,"edgeAntialiasingMask":251658240,"height":1080,"hidden":false,"anchorPoint":{"pointX":0.5,"pointY":0.5}},"objectID":"0","layers":[{"animations":[],"initialState":{"affineTransform":[1,0,0,1,0,0],"masksToBounds":false,"rotation":0,"scale":1,"position":{"pointX":960,"pointY":540},"width":1920,"sublayerTransform":[1,0,0,0,0,1,0,0,0,0,1,-0.00035007912466775983,0,0,0,1],"contentsRect":{"y":0,"x":0,"width":1,"height":1},"opacity":1,"edgeAntialiasingMask":251658240,"height":1080,"hidden":false,"anchorPoint":{"pointX":0.5,"pointY":0.5}},"layers":[{"animations":[{"additive":false,"timeOffset":0,"beginTime":0,"repeatCount":0,"fillMode":"both","duration":3,"autoreverses":false,"animations":[{"repeatCount":0,"timingControlPoint2y":1,"removedOnCompletion":true,"from":{"scalar":-7680},"timingFunction":"custom","additive":false,"timeOffset":0,"autoreverses":false,"timingControlPoint1x":0.29726776480674744,"fillMode":"removed","property":"transform.translation.z","duration":3,"beginTime":0,"timingControlPoint2x":0.69753515720367432,"timingControlPoint1y":0,"to":{"scalar":0}},{"repeatCount":0,"removedOnCompletion":true,"from":{"scalar":0.10000000000000001},"timingFunction":"EaseIn","additive":false,"timeOffset":0,"autoreverses":false,"property":"opacity","fillMode":"removed","duration":3,"beginTime":0,"to":{"scalar":1}}],"removedOnCompletion":false}],"layers":[{"animations":[],"layers":[],"initialState":{"affineTransform":[1,0,0,1,0,0],"masksToBounds":false,"rotation":0,"scale":1,"position":{"pointX":960,"pointY":1485},"width":1920,"sublayerTransform":[1,0,0,0,0,1,0,0,0,0,1,0,0,0,0,1],"contentsRect":{"y":0,"x":0,"width":1,"height":1},"opacity":1,"edgeAntialiasingMask":251658240,"height":810,"hidden":false,"anchorPoint":{"pointX":0.5,"pointY":0.5}},"texture":"98935D8AB4F826D7C81F96A02E663CE1"}],"texturedRectangle":{"isBackgroundTexture":false,"singleTextureOpacity":1,"textureType":0,"textBaseline":0,"textXHeight":0,"isVerticalText":false},"initialState":{"affineTransform":[1,0,0,1,0,0],"masksToBounds":false,"rotation":0,"scale":1,"position":{"pointX":960,"pointY":540},"width":1920,"sublayerTransform":[1,0,0,0,0,1,0,0,0,0,1,0,0,0,0,1],"contentsRect":{"y":0,"x":0,"width":1,"height":1},"opacity":1,"edgeAntialiasingMask":0,"height":1080,"hidden":false,"anchorPoint":{"pointX":0.5,"pointY":0.5}},"texture":"D87FF68DD48A9A0565B7E43666902786"},{"animations":[{"additive":false,"timeOffset":0,"beginTime":0,"repeatCount":0,"fillMode":"both","duration":3,"autoreverses":false,"animations":[{"additive":false,"timeOffset":0,"beginTime":0,"from":{"scalar":1},"repeatCount":0,"fillMode":"both","duration":0.016666666666666666,"autoreverses":false,"property":"opacity","to":{"scalar":0},"removedOnCompletion":true}],"removedOnCompletion":false}],"layers":[],"texturedRectangle":{"isBackgroundTexture":false,"singleTextureOpacity":1,"textureType":0,"textBaseline":0,"textXHeight":0,"isVerticalText":false},"initialState":{"affineTransform":[1,0,0,1,0,0],"masksToBounds":false,"rotation":0,"scale":1,"position":{"pointX":960,"pointY":540},"width":1920,"sublayerTransform":[1,0,0,0,0,1,0,0,0,0,1,0,0,0,0,1],"contentsRect":{"y":0,"x":0,"width":1,"height":1},"opacity":1,"edgeAntialiasingMask":0,"height":1080,"hidden":false,"anchorPoint":{"pointX":0.5,"pointY":0.5}},"texture":"0805B188E61E5205AD77457FF3E4BF83"},{"animations":[{"additive":false,"timeOffset":0,"beginTime":0,"repeatCount":0,"fillMode":"both","duration":3,"autoreverses":false,"animations":[{"repeatCount":0,"timingControlPoint2y":1,"removedOnCompletion":true,"from":{"scalar":0},"timingFunction":"custom","additive":false,"timeOffset":0,"autoreverses":false,"timingControlPoint1x":0.29726776480674744,"fillMode":"removed","property":"transform.rotation.y","duration":3,"beginTime":0,"timingControlPoint2x":0.69753515720367432,"timingControlPoint1y":0,"to":{"scalar":2.1991148575128552}},{"repeatCount":0,"timingControlPoint2y":1,"removedOnCompletion":true,"from":{"scalar":1},"timingFunction":"custom","additive":false,"timeOffset":0,"autoreverses":false,"timingControlPoint1x":0.29726776480674744,"fillMode":"removed","property":"transform.scale.xy","duration":3,"beginTime":0,"timingControlPoint2x":0.69753515720367432,"timingControlPoint1y":0,"to":{"scalar":2}},{"repeatCount":0,"timingControlPoint2y":1,"removedOnCompletion":true,"from":{"pointX":0,"pointY":540},"timingFunction":"custom","additive":false,"timeOffset":0,"autoreverses":false,"timingControlPoint1x":0.29726776480674744,"fillMode":"removed","property":"position","duration":3,"beginTime":0,"timingControlPoint2x":0.69753515720367432,"timingControlPoint1y":0,"to":{"pointX":-960,"pointY":540}}],"removedOnCompletion":false}],"initialState":{"affineTransform":[1,0,0,1,0,0],"scale":1,"rotation":0,"masksToBounds":false,"position":{"pointX":0,"pointY":540},"backgroundColor":[0,0,0,1],"width":960,"sublayerTransform":[1,0,0,0,0,1,0,0,0,0,1,0,0,0,0,1],"contentsRect":{"y":0,"x":0,"width":1,"height":1},"opacity":1,"edgeAntialiasingMask":0,"height":1080,"hidden":false,"anchorPoint":{"pointX":0,"pointY":0.5}},"layers":[]},{"animations":[{"additive":false,"timeOffset":0,"beginTime":0,"repeatCount":0,"fillMode":"both","duration":3,"autoreverses":false,"animations":[{"repeatCount":0,"timingControlPoint2y":1,"removedOnCompletion":true,"from":{"scalar":0},"timingFunction":"custom","additive":false,"timeOffset":0,"autoreverses":false,"timingControlPoint1x":0.29726776480674744,"fillMode":"removed","property":"transform.rotation.y","duration":3,"beginTime":0,"timingControlPoint2x":0.69753515720367432,"timingControlPoint1y":0,"to":{"scalar":-2.1991148575128552}},{"repeatCount":0,"timingControlPoint2y":1,"removedOnCompletion":true,"from":{"scalar":1},"timingFunction":"custom","additive":false,"timeOffset":0,"autoreverses":false,"timingControlPoint1x":0.29726776480674744,"fillMode":"removed","property":"transform.scale.xy","duration":3,"beginTime":0,"timingControlPoint2x":0.69753515720367432,"timingControlPoint1y":0,"to":{"scalar":2}},{"repeatCount":0,"timingControlPoint2y":1,"removedOnCompletion":true,"from":{"pointX":1920,"pointY":540},"timingFunction":"custom","additive":false,"timeOffset":0,"autoreverses":false,"timingControlPoint1x":0.29726776480674744,"fillMode":"removed","property":"position","duration":3,"beginTime":0,"timingControlPoint2x":0.69753515720367432,"timingControlPoint1y":0,"to":{"pointX":2880,"pointY":540}}],"removedOnCompletion":false}],"initialState":{"affineTransform":[1,0,0,1,0,0],"scale":1,"rotation":0,"masksToBounds":false,"position":{"pointX":1920,"pointY":540},"backgroundColor":[0,0,0,1],"width":960,"sublayerTransform":[1,0,0,0,0,1,0,0,0,0,1,0,0,0,0,1],"contentsRect":{"y":0,"x":0,"width":1,"height":1},"opacity":1,"edgeAntialiasingMask":0,"height":1080,"hidden":false,"anchorPoint":{"pointX":1,"pointY":0.5}},"layers":[]},{"animations":[{"additive":false,"timeOffset":0,"beginTime":0,"repeatCount":0,"fillMode":"both","duration":3,"autoreverses":false,"animations":[{"repeatCount":0,"timingControlPoint2y":1,"removedOnCompletion":true,"from":{"scalar":0},"timingFunction":"custom","additive":false,"timeOffset":0,"autoreverses":false,"timingControlPoint1x":0.29726776480674744,"fillMode":"removed","property":"transform.rotation.y","duration":3,"beginTime":0,"timingControlPoint2x":0.69753515720367432,"timingControlPoint1y":0,"to":{"scalar":2.1991148575128552}},{"repeatCount":0,"timingControlPoint2y":1,"removedOnCompletion":true,"from":{"scalar":1},"timingFunction":"custom","additive":false,"timeOffset":0,"autoreverses":false,"timingControlPoint1x":0.29726776480674744,"fillMode":"removed","property":"opacity","duration":3,"beginTime":0,"timingControlPoint2x":0.69753515720367432,"timingControlPoint1y":0,"to":{"scalar":0}},{"repeatCount":0,"timingControlPoint2y":1,"removedOnCompletion":true,"from":{"scalar":1},"timingFunction":"custom","additive":false,"timeOffset":0,"autoreverses":false,"timingControlPoint1x":0.29726776480674744,"fillMode":"removed","property":"transform.scale.xy","duration":3,"beginTime":0,"timingControlPoint2x":0.69753515720367432,"timingControlPoint1y":0,"to":{"scalar":2}},{"repeatCount":0,"timingControlPoint2y":1,"removedOnCompletion":true,"from":{"pointX":0,"pointY":540},"timingFunction":"custom","additive":false,"timeOffset":0,"autoreverses":false,"timingControlPoint1x":0.29726776480674744,"fillMode":"removed","property":"position","duration":3,"beginTime":0,"timingControlPoint2x":0.69753515720367432,"timingControlPoint1y":0,"to":{"pointX":-960,"pointY":540}}],"removedOnCompletion":false}],"layers":[],"initialState":{"affineTransform":[1,0,0,1,0,0],"masksToBounds":false,"rotation":0,"scale":1,"position":{"pointX":0,"pointY":540},"width":960,"sublayerTransform":[1,0,0,0,0,1,0,0,0,0,1,0,0,0,0,1],"contentsRect":{"y":0,"x":0,"width":0.5,"height":1},"opacity":1,"edgeAntialiasingMask":0,"height":1080,"hidden":false,"anchorPoint":{"pointX":0,"pointY":0.5}},"texture":"0805B188E61E5205AD77457FF3E4BF83"},{"animations":[{"additive":false,"timeOffset":0,"beginTime":0,"repeatCount":0,"fillMode":"both","duration":3,"autoreverses":false,"animations":[{"repeatCount":0,"timingControlPoint2y":1,"removedOnCompletion":true,"from":{"scalar":0},"timingFunction":"custom","additive":false,"timeOffset":0,"autoreverses":false,"timingControlPoint1x":0.29726776480674744,"fillMode":"removed","property":"transform.rotation.y","duration":3,"beginTime":0,"timingControlPoint2x":0.69753515720367432,"timingControlPoint1y":0,"to":{"scalar":-2.1991148575128552}},{"repeatCount":0,"timingControlPoint2y":1,"removedOnCompletion":true,"from":{"scalar":1},"timingFunction":"custom","additive":false,"timeOffset":0,"autoreverses":false,"timingControlPoint1x":0.29726776480674744,"fillMode":"removed","property":"opacity","duration":3,"beginTime":0,"timingControlPoint2x":0.69753515720367432,"timingControlPoint1y":0,"to":{"scalar":0}},{"repeatCount":0,"timingControlPoint2y":1,"removedOnCompletion":true,"from":{"scalar":1},"timingFunction":"custom","additive":false,"timeOffset":0,"autoreverses":false,"timingControlPoint1x":0.29726776480674744,"fillMode":"removed","property":"transform.scale.xy","duration":3,"beginTime":0,"timingControlPoint2x":0.69753515720367432,"timingControlPoint1y":0,"to":{"scalar":2}},{"repeatCount":0,"timingControlPoint2y":1,"removedOnCompletion":true,"from":{"pointX":1920,"pointY":540},"timingFunction":"custom","additive":false,"timeOffset":0,"autoreverses":false,"timingControlPoint1x":0.29726776480674744,"fillMode":"removed","property":"position","duration":3,"beginTime":0,"timingControlPoint2x":0.69753515720367432,"timingControlPoint1y":0,"to":{"pointX":2880,"pointY":540}}],"removedOnCompletion":false}],"layers":[],"initialState":{"affineTransform":[1,0,0,1,0,0],"masksToBounds":false,"rotation":0,"scale":1,"position":{"pointX":1920,"pointY":540},"width":960,"sublayerTransform":[1,0,0,0,0,1,0,0,0,0,1,0,0,0,0,1],"contentsRect":{"y":0,"x":0.5,"width":0.5,"height":1},"opacity":1,"edgeAntialiasingMask":0,"height":1080,"hidden":false,"anchorPoint":{"pointX":1,"pointY":0.5}},"texture":"0805B188E61E5205AD77457FF3E4BF83"}]}]},"effects":[],"duration":3,"type":"transition","attributes":{"direction":0},"name":"apple:doorway","objectID":"0"}],"automaticPlay":false,"hyperlinks":[],"accessibility":[{"text":"iOS, Stats, and everything nice","targetRectangle":{"y":589.23858642578125,"x":492.12799999999987,"width":935.74400000000014,"height":84.35999870300293}},{"text":"Cyril Garcia","targetRectangle":{"y":406,"x":650.16399952375878,"width":616.19200093340896,"height":153.83999764919281}}],"baseLayer":{"animations":[],"initialState":{"affineTransform":[1,0,0,1,0,0],"masksToBounds":false,"rotation":0,"scale":1,"position":{"pointX":960,"pointY":540},"width":1920,"sublayerTransform":[1,0,0,0,0,1,0,0,0,0,1,0,0,0,0,1],"contentsRect":{"y":0,"x":0,"width":1,"height":1},"opacity":1,"edgeAntialiasingMask":251658240,"height":1080,"hidden":false,"anchorPoint":{"pointX":0.5,"pointY":0.5}},"objectID":"0","layers":[{"animations":[],"initialState":{"affineTransform":[1,0,0,1,0,0],"masksToBounds":false,"rotation":0,"scale":1,"position":{"pointX":960,"pointY":540},"width":1920,"sublayerTransform":[1,0,0,0,0,1,0,0,0,0,1,-0.00035007912466775983,0,0,0,1],"contentsRect":{"y":0,"x":0,"width":1,"height":1},"opacity":1,"edgeAntialiasingMask":251658240,"height":1080,"hidden":false,"anchorPoint":{"pointX":0.5,"pointY":0.5}},"layers":[{"animations":[],"layers":[],"texturedRectangle":{"isBackgroundTexture":false,"singleTextureOpacity":1,"textureType":0,"textBaseline":0,"textXHeight":0,"isVerticalText":false},"initialState":{"affineTransform":[1,0,0,1,0,0],"masksToBounds":false,"rotation":0,"scale":1,"position":{"pointX":960,"pointY":540},"width":1920,"sublayerTransform":[1,0,0,0,0,1,0,0,0,0,1,0,0,0,0,1],"contentsRect":{"y":0,"x":0,"width":1,"height":1},"opacity":1,"edgeAntialiasingMask":0,"height":1080,"hidden":false,"anchorPoint":{"pointX":0.5,"pointY":0.5}},"texture":"0805B188E61E5205AD77457FF3E4BF83"}]}]}}]}